PA,fold_change
0,1.062414785
9.762880307,2.543715456
20.44843518,3.010670386
39.83610845,5.611294569
79.76061372,8.204480865
160.3476593,12.66624008
