PA_PIP,fold_change
0,1.024840045
0.100673535,2.245389537
0.198920305,5.83389788
0.348395747,11.06498557
0.497816303,16.50859365
1.003324551,19.18065487
2.003771484,17.45013173
