PA,PI45P2
0,0.088495575
0.003225806,2.083928062
0.016129032,7.941764202
0.031885856,21.50250335
0.061662531,58.04645469
0.116253102,84.40210589
